nombre,correo
Rafaela Abad Julián,berta01@carro.org
Cipriano Anselmo Juliá Rico,wgras@yahoo.com
Ramona Agudo Álvarez,tmonreal@gmail.com
Leonardo Alberola Frutos,zvinas@torrent.com
Tadeo Vigil-Bolaños,fabriciorocamora@hotmail.com
Abel Polo Palacio,fuentesmelisa@gmail.com
Rómulo Prieto Ferrero,iniestatoribio@gmail.com
Loreto de Baena,nico22@hotmail.com
Felicia Serna Hervás,barrosoencarnita@garcia-bertran.com
Máxima Marcia Godoy Adadia,trinidad71@tirado.es
Prudencio Íñigo Arteaga Grau,flaviaesparza@torre-lamas.com
Rosalinda Elías Jara,vcoca@gmail.com
Emigdio Manso Blanch,toribio97@casares-saura.com
Desiderio Clavero Saldaña,kcapdevila@gmail.com
Cloe Elorza Cerezo,quevedojuana@real-bernal.es
Reina de Planas,gilberto71@cobo.es
Teófila Esteve-Sola,jose-mariasamper@gmail.com
Cebrián Caro Gilabert,elodiacastejon@arcos-castilla.org
Piedad Carina Jódar Vaquero,qcomas@yahoo.com
Ainoa Gallego Tormo,fuenteshipolito@bastida.com
Aránzazu del Jara,gamezcelso@yahoo.com
Hortensia de Pozo,martineznicolas@galvez.org
María Carmen Castañeda Rey,ctorrecilla@hotmail.com
Dionisio Gallart-Vidal,miguelsanchez@serra.es
Ismael Luis Miguel Buendía Alonso,gervasiovicente@pizarro-reyes.com
Demetrio Palomar Montesinos,americo44@hotmail.com
Pastor Tirado Carrión,juan-carlos99@yahoo.com
Quirino Enrique Ariza Espada,emelinalozano@castillo.com
Sandalio Valle Hierro,alarcongisela@yahoo.com
Lina Quirós-Álvaro,gallardocarlos@gmail.com
Fito Porta Manso,adrianmendez@escolano-jimenez.com
Albert Carmona Abascal,esperanza52@marquez.com
Pilar Llamas Jaume,artemio48@andres.es
Calixta Velázquez Castelló,villanuevagonzalo@dominguez-cruz.com
Estela Oliver Molina,matiascorominas@gmail.com
Vidal Bayona Solano,velascovidal@hotmail.com
Carlota Rios Escrivá,fmiranda@gmail.com
Itziar del Busquets,victorvalles@hotmail.com
Mohamed Gallego Peñalver,carranzanestor@almeida.com
Rosa Morillo Ortega,lauragalvan@hotmail.com
Julie Peiró Abellán,acamino@suarez.com
Clotilde Arenas-Avilés,tamaritremigio@gmail.com
Vasco Acedo Royo,luis-miguel34@hotmail.com
Mónica Ileana Bayón Zaragoza,rafaela67@gmail.com
Benigno Bueno Sabater,zbarbero@rio-navas.com
Xiomara Cañete Giralt,gomilaangelita@hotmail.com
Custodio Requena Serra,estherolive@mascaro.com
Xiomara Anguita-Fabra,abigailroma@yahoo.com
Mariana Delfina Anglada Cabezas,nmadrid@trujillo.es
Melania Ángela Prieto Jimenez,claudiapalma@cabrera.org
Zaida Lledó Alcalá,folchbarbara@gmail.com
Nicolasa Parejo Rosa,teodora08@hotmail.com
Eloísa Lupe Vara Valenciano,raquelagusti@yahoo.com
Yaiza Pi Pombo,cneira@adan-andrade.es
Remedios Barrio Pozo,bernardaaznar@puga.com
Hector Andres Batalla,mmiguel@isern.com
Eutropio de Sandoval,aaron35@saenz.es
Clara Burgos,adeliaalcala@hotmail.com
Toribio Arnal Piquer,tvidal@mendoza.com
Abel Amador,tgordillo@gmail.com
Aurelio Salamanca Pons,fidelcarlos@palau.es
Alicia Ballester Villaverde,azconajose-angel@marquez-suarez.org
Augusto Rueda Escalona,cortinajavier@hotmail.com
Felicia Lorenzo Pazos,nuneznorberto@tovar.com
Joel Domínguez Campo,obermejo@cases.com
Macaria de Arnal,gquintanilla@llorente.com
Vilma Cisneros,hosorio@campo-jimenez.es
Jose Francisco Cózar Soto,canellasnoemi@estevez.es
Régulo Urrutia Chamorro,nmarti@valls-pallares.es
Rebeca Landa Frías,prudencio66@gmail.com
Augusto Bonilla Fábregas,ppatino@clavero.es
Gabriela Pilar Peñalver Llano,hbusquets@hotmail.com
Gaspar Carbó,sanchezluciana@amigo.com
Nazario Talavera Zamorano,xllano@camino.com
Roque de Sarabia,andresnoelia@suarez.com
Ángel Calatayud,raquelagustin@gmail.com
Calixta Armas Armas,perezloreto@yahoo.com
Rolando Rius Valle,tamara04@penas.es
Ruperto Pareja,ibriones@lobo-hernando.es
Flora Carro Alcolea,evalentin@torrents-pombo.org
Olalla Gonzalez Francisco,juan-bautistauria@yahoo.com
Clemente Pera-Royo,feliciana58@ugarte-luz.com
Sofía Hernández Royo,chernandez@hotmail.com
Marcelo Ferrán Puerta,jaimeibarra@canas-rico.es
María Dolores Piña-Gilabert,eloy79@yahoo.com
Manuela Machado-Mesa,amadogarzon@carrasco.es
Amor Guiomar Cáceres Aragonés,castanedagaspar@aparicio-fernandez.net
Azahar Losada Isern,nando55@pinol.net
Cristóbal Ribera Amigó,atilio92@huertas-sole.es
Amelia Marqués Tejada,aura16@losada.com
Patricia Sevilla Osuna,juan-manuel09@hotmail.com
Flora Giner Paredes,geraldocamacho@hotmail.com
Gonzalo Reinaldo Cortes Blazquez,gironleon@yahoo.com
María Carmen Ferrera Barba,perezmar@salinas.es
Nerea del Moraleda,harrieta@guzman-asenjo.com
Sandra Torralba Otero,mendezvenceslas@mascaro.es
Vidal del Torrent,emigdio74@gmail.com
Hilda Flor Palomares,atilioizaguirre@yahoo.com
Ascensión Mayol Fuertes,pablocanizares@hurtado.com
Mercedes Requena Enríquez,maria-teresabarbera@gmail.com
Adalberto Segarra,elisa53@rosales-angulo.es
Blanca del Ayllón,santamariaromulo@baron-rodriguez.net
Fidel Alcántara-Robledo,alemanheraclio@hotmail.com
Jose Manuel Manso Garmendia,utrillo@valle-palma.com
Osvaldo Alcalá,ugarteana-belen@morell.es
Lina Elisa Herrera Peñalver,scanton@yahoo.com
Marcela Lobato Galan,martirio19@manzano.es
Juan Francisco Campoy,marnau@hotmail.com
Cecilia Marti Cabo,heliodoro54@gallo.com
Febe Seco Delgado,lupepelayo@gmail.com
Adela Eloísa Manzanares Bermejo,alejofalco@yahoo.com
Teodora Saavedra,bermejorico@yahoo.com
Rodolfo de Ferrándiz,haydee79@rivero.org
Aureliano Dani Pombo Llamas,oazorin@hotmail.com
Aristides Montalbán Villa,chaveslola@diez-losa.com
Celso Baquero Navas,barralapolonia@hotmail.com
Corona Company Goñi,dperal@hotmail.com
Carlos Palomares Pereira,dguardia@nunez-huerta.es
Lorenzo Padilla Camacho,visitacion02@yahoo.com
Pablo del Cañete,maria-cristina40@gmail.com
Benigno Aroca Amores,roldan78@villalba.com
Cecilia Juan Morán,barbara90@chaparro-codina.es
Nereida Fiol Iglesias,rebeca52@yahoo.com
Laura Gálvez Moreno,pinaencarnita@gmail.com
Néstor Guillermo Conde Maestre,edu51@gmail.com
Tamara Valbuena,pgiralt@pizarro.net
Georgina Valle Arévalo,elodiabarrera@esparza.com
Martirio Lola Olivé Luján,bienvenida40@arcos-olmo.es
Sigfrido Izquierdo-Beltrán,jimenezzaida@gmail.com
María Dolores Pacheco Mascaró,saldanafabiola@portillo.es
Faustino Garcia Lladó,juan-josegomez@hotmail.com
Úrsula Oliveras Iñiguez,daniela33@godoy.com
Leticia Carnero Almeida,alemanydonato@tudela.es
Simón Paredes,serranoduilio@yahoo.com
Elvira Baños,pamigo@yahoo.com
Francisca Miguela Crespi Álvarez,xbilbao@baeza.es
Begoña Ortega Tena,armandorodriguez@robles.com
Vicenta Gisela Elías Contreras,noeliavelasco@hotmail.com
Ambrosio Guzman-Vallés,benignonieto@gelabert.es
Edu Arnau,psimo@hotmail.com
Marcial Cárdenas Perez,marinabayo@aguado.com
Sofía Tur Sotelo,odalislara@gmail.com
Anna Antúnez Escalona,trinidadsegovia@vives.org
Haroldo Pina-Rubio,xmalo@gmail.com
Francisco Tovar Barbero,cristianfeijoo@godoy.net
Olivia Garcia Ripoll,dionisio46@yahoo.com
Rita del Falcó,alemanyadan@yahoo.com
Cándida Sol Vilaplana Bernad,chuchogonzalez@yahoo.com
Adelardo Escolano Coca,ggras@oliver-vilar.es
Andrés Alcaraz Cárdenas,angel76@yahoo.com
Donato Pons Mir,pmaza@hotmail.com
Adriana Piña,zcarbonell@ferrera-sanjuan.es
Rosenda Soler Quiroga,estevenando@silva.com
Soraya Tomás,albertochoa@gmail.com
Edelmiro Pol Tovar,jordana92@hotmail.com
Elba Talavera,wbenito@hervas.com
Oriana Torrens Jaén,samuelcamps@herrera-bru.org
Albano del Miralles,rroca@sebastian.es
Soledad Acero Varela,tomas20@lopez-guerra.com
Adrián Sedano-Otero,arcedimas@gmail.com
Flavio Noriega-Benítez,rico86@benitez.es
Emiliana Ortega Fernandez,sol75@hotmail.com
Isa Elorza-Manjón,maricruz74@gmail.com
Nieves Pazos-Tenorio,cerezomarcio@macias-miguel.es
Román Alvarado Batalla,evelia44@vallejo.es
José Mari Gallardo Tejada,verdejocleto@tejedor.org
Teresita Cal Murillo,millahugo@infante.net
Celestina Patiño Téllez,ramiro47@alberto.com
Melchor de Carretero,cabrerajose-angel@gmail.com
Ofelia Domínguez Bejarano,anibalgaray@lucas.es
Juanita Rueda Mendoza,sandaliobaez@yahoo.com
Silvio Colomer-Blázquez,olgaverdugo@puerta-arribas.com
Victoriano Maestre Plaza,izamora@bermudez.com
Lorenzo de Granados,humberto65@sotelo.org
Bernardino Calderón-Parra,diegoesperanza@yahoo.com
Paula Llobet Carrillo,heriberto58@aguilar.es
Baudelio Beltrán Romero,csanmartin@gmail.com
Ascensión Guzmán Álvarez,esteban08@benitez.com
Ariel Rivera Arnal,jminguez@valera-amo.com
Alexandra Roca Sáez,amalia29@puente.net
Socorro Borrego-Tejero,gelabertdorotea@gallego.net
Feliciana Lucas Carbó,carmen98@portero-roman.es
Edmundo Quiroga Arteaga,rosellocarla@gmail.com
Guadalupe Peinado Cervantes,chema74@hotmail.com
Toni Hoz Rosell,manuluis@rivera.com
Alcides Palomar Posada,gguardiola@linares-parra.es
Atilio Roca Bertrán,dolivera@gmail.com
Gilberto Lumbreras,chita63@yahoo.com
Rosalía Gutiérrez,ugartebernardita@velazquez.es
Maribel Acero Martin,adolfolarrea@gmail.com
Áurea Vicens-Barros,ygoni@pujol-almeida.es
Caridad Alcolea Vizcaíno,heraclio54@cobo.es
Mar Guardiola,pacopino@hotmail.com
Luís Serna Prat,jacinto15@yahoo.com
Estrella Carrasco-Lladó,bienvenida86@yahoo.com
Inés Figueroa Trujillo,mayoleutimio@alcalde.com
Amelia Gracia Cordero,perezemiliano@alvarado.com
Aura Asenjo Rios,nalegre@hotmail.com
Sebastián Álamo Ochoa,guardiajuan-francisco@gmail.com
Juanita Salom-Benet,luzpozo@dalmau-porcel.es
Julia Calleja Coca,gema46@gmail.com
Maximino Tamarit Ariño,abiliosoriano@jimenez.com
Marcia Sol Rosado Ramos,lmendez@hotmail.com
Primitiva Isern Monreal,eutropiolaguna@hotmail.com
Leonardo Paz-Alegria,qalfaro@hotmail.com
Anacleto Pedro,apoza@morera.com
Geraldo Patiño,ktorralba@hotmail.com
Adelina Cuevas,procamora@gmail.com
María Luisa Bonet,guadalupe10@yahoo.com
Ruy Silva-Barrio,arseniomelendez@adan-royo.es
Ovidio Milla Giménez,usalom@vilaplana-riquelme.com
Julieta Salom Huguet,hespejo@yahoo.com
Inocencio Sarabia,jimenaarenas@ochoa.es
Armida Arregui,torrijosmargarita@hotmail.com
Diego Llabrés Rosales,ribaantonio@jurado.es
Jeremías Toño Royo Marcos,sandraavila@gallart-marquez.com
Mireia Jiménez Palmer,coellomodesta@gmail.com
Ainara Santos,jose-marinicolas@machado-almazan.net
Samuel Hernández Franch,haydeebarcena@madrigal.es
Reyna del Huguet,ovidiojulia@ripoll.com
Pedro Estévez Huguet,zcordoba@pinol-cabello.es
Encarnación Cabello Lledó,leonor74@comas.es
Esther Arcos,donairevalero@espanol.com
Angelita Cuenca Botella,roselloemiliano@mascaro-pascual.net
Paca Expósito-Font,dan35@hotmail.com
Carlota Vizcaíno Vilalta,ferrerasocorro@yahoo.com
Amarilis Acuña,fcaceres@prieto.com
Milagros Paniagua Marti,nazario70@torrents.es
Perla Capdevila Cuenca,vperez@nadal.com
Germán Pintor Bou,vilaltamamen@maestre.com
Feliciano Duilio Porta Poza,montalbanreyna@yahoo.com
Duilio Pla Leiva,virginia27@pintor-prats.es
Darío Berenguer Expósito,nilo04@moliner-carreras.com
América Tejero Porcel,ciprianoanton@gil.es
Victor Manuel del Cortina,ligiapujol@hotmail.com
Carolina Aragón,baezsamu@yahoo.com
Ani Perelló Borrell,roviralilia@arroyo.com
Lalo Sanabria Bayona,carmelita62@yahoo.com
Carmela Murillo Gallardo,coboevita@hotmail.com
Francisca Constanza Chico Navas,arrietavictor@gmail.com
Isaura Tejada Tejera,lucaspages@madrid-alfaro.net
Teresita Padilla Carro,vinapedro@nino-vilalta.es
Calisto Álvaro,baldomero55@chico-vazquez.es
Raúl Iñiguez Torrens,grascarolina@yahoo.com
Bautista Nogués-Recio,cruz92@yahoo.com
Lilia Donoso Alcántara,molmo@gmail.com
Crescencia Esteban Almagro,selenarodriguez@borrell.es
Mercedes Luisa Carlos Peralta,chuchomurillo@linares.com
Alex Agustí,molinerrosalia@hotmail.com
Evelia Salvà Aparicio,luis-angel78@gisbert-palmer.com
Sergio Español Mateos,falconplacido@gmail.com
Julio César Garriga Corominas,florentina69@clavero.es
Elena de Buendía,bellidocosme@gmail.com
Lázaro Nuñez Pozuelo,carmonarosario@vicente.es
Hermenegildo Ramiro Teruel Arcos,habad@hotmail.com
Ale Cerdá Aranda,aitana22@yahoo.com
Zoraida Jaume Escribano,ugascon@gmail.com
Liliana Calzada,aitanayanez@gmail.com
Claudio Andreu Becerra,nicovalenzuela@castells.com
Amelia Uría,pedreroapolinar@gmail.com
Pilar Almagro,ntorrent@pons.com
Aroa Oliver Vara,tito48@rosell-pelayo.es
Juanito Pelayo Anglada,lucianogaray@porras.org
Estefanía Velasco-Riera,fortunato49@toro.org
Felisa Susana Lago Avilés,turtoni@artigas.es
Roberto Pedrero-Barón,visitacion33@sanjuan.com
Zaida del Roma,xllamas@gmail.com
Maribel Cornejo Piña,loperio@hotmail.com
Nerea Gargallo-Chamorro,irma59@gmail.com
Ramona Echevarría,juan-luisabascal@ferrero.net
Teo Rodríguez Rojas,duiliorocamora@velasco.es
Noé Julián Llorens,parnaiz@hotmail.com
Anita Paula Calvo Bárcena,aitana34@gmail.com
Marina Cerezo Rocamora,zalbero@yahoo.com
Teo Rojas Sanabria,eveliapereira@bayona-peral.com
Gerardo Mulet Bueno,ricardagaray@rubio.es
Irene Chaves-Iglesia,joaquinnogues@ferrer.com
Teófila Coello-Antón,leoncio64@somoza.es
Alejo Arias-Losada,severinoalvarez@mesa.com
Ismael Nieto Núñez,mendozaruth@gmail.com
Adelaida Esparza Aguiló,benitezagapito@yahoo.com
Dalila Atienza Arco,ypereira@gmail.com
Clotilde Amador Ojeda,germanlillo@noriega.es
Anacleto Cornejo,vinapia@hotmail.com
Josefa Lara Hurtado,luis42@moran-pinilla.net
Mercedes Nidia Boix Morán,oliviagutierrez@martin.net
Pánfilo de Cornejo,paredesmar@yanez-larrea.es
Estefanía de Bonilla,marquesruy@machado.org
Eligio Gomis Palma,jafet09@madrid.es
Amado Mancebo Pino,florenzo@yahoo.com
Jose Carlos del Haro,orivero@godoy-perea.com
Lázaro Infante Losada,montalbanfebe@gmail.com
Flor Guerrero Murillo,ssantiago@gmail.com
Julieta Galán,jose-miguel89@gmail.com
Timoteo Páez Fuente,rourazaida@mora.com
Narciso Benet,faustinolarranaga@yahoo.com
Apolinar Ortiz Revilla,agustinheras@mesa.com
Pía Valentín,genoveva15@gmail.com
Toni Quintero Taboada,cesar96@andres.es
Eulalia Artigas Lastra,amparocuadrado@caceres.com
Ulises Arana,wbenavent@gmail.com
Carmina Calatayud Almagro,agapitocheca@hotmail.com
Evita Marqués Sotelo,jacinta56@gmail.com
Adriana del Jaén,sevillanocarla@gmail.com
Nazaret Manso,morillocoral@gmail.com
Ruben Ibañez Amat,dbarcelo@guillen.com
Elías Navas Noriega,encarnitaflor@juarez-vallejo.net
Reyes Espinosa Otero,aliagasol@pallares-miro.net
Aureliano Lobo-Bejarano,maximilianomachado@jauregui.es
Charo de Díaz,dlobato@yahoo.com
Armando Barbero Mateo,ambrosiomugica@gmail.com
Gilberto Laguna Téllez,francoeloisa@yahoo.com
Marcela Adadia Alvarez,dcaparros@hotmail.com
Eulalia Esteban Gilabert,celiaaller@gmail.com
Gerardo Catalán Montenegro,pepitagarzon@alarcon-hoz.com
Valerio Hervás Lumbreras,hernandooller@escriva.com
Ignacia Noa Villalonga Alarcón,jalsina@gmail.com
Ibán Aparicio Solé,alicia63@yahoo.com
Alberto Tena-Franch,manuaguilo@hotmail.com
Gloria Campo Villena,lilia58@vaquero-arteaga.es
Virginia Méndez Caparrós,eutimioquiros@calvo-blanes.es
Anna Roselló Aguado,iibanez@contreras.es
Remedios Mendizábal Pedrero,amorharo@hotmail.com
Ciro Sandalio Raya Sala,lucenaquirino@baquero.com
Jesús del Molina,portafelipe@corbacho-capdevila.com
Alejandra Melisa Perea Jimenez,sebastian97@hotmail.com
Ibán Jordán Andres,vazorin@hotmail.com
Gregorio Albano Sancho Perelló,benjaminelias@alcazar.org
Leyre Berrocal Sarmiento,bilbaoruben@gmail.com
Emiliano Lastra Múñiz,gallegobasilio@cabo-espada.es
Goyo Cobos,olivaresmalena@gmail.com
Elba del Isern,hpalma@mayol.org
Néstor Atienza Ropero,ymascaro@hotmail.com
Albino Chacón,gabinogiron@muniz.es
Nicanor Olivera Ávila,olivaresoctavio@bernat.es
Juanito Cabañas-Maldonado,walemany@hotmail.com
Antonia Boada Espada,hozlalo@gmail.com
Marco Jódar Peláez,zcoca@llopis-saavedra.net
Gabriel Antón Juan,ester34@rivera.org
Ángel del Bravo,andrea03@yahoo.com
Javiera de Pallarès,sigfridojordan@hotmail.com
Toni Corbacho Gallardo,encarnagallardo@yahoo.com
Teófilo Mosquera Yáñez,graciela35@gomez-barrera.org
Leire Gabriela Benavides Julián,nelida59@valles-miranda.com
Fidel Cortina,luzsalva@gmail.com
Luis Ángel Benavides Vilalta,nicolasa42@pardo.com
Lidia Barbero Seco,mendezivan@yahoo.com
Odalys Flor Bru,eloisa69@gmail.com
Ruy Mur Vives,rroura@hotmail.com
Clímaco Tejero Benavente,dimas60@hotmail.com
Fabiana Seguí Gelabert,bravopaco@casanova-salva.es
Héctor Ferrán Vazquez,eseco@abril.es
Salomón Olmo Bueno,fidela06@palomino.es
Ernesto Blázquez Quintero,victorpena@gmail.com
Amor Bertrán Flores,lsegura@hotmail.com
Adora Sales Núñez,hsancho@campos.es
Purificación Romero Vilar,gustavopou@arce.es
Macaria de Jimenez,stejedor@figueroa.es
Aitor del Aranda,msarabia@lamas-mosquera.org
Ágata Calvo Morcillo,vroca@aramburu.es
Estefanía Gárate Reyes,eduardo14@yahoo.com
Agustina Sedano España,gilbertobarros@gmail.com
Salomé Doménech Castillo,coronadoconcha@yahoo.com
Jacinta Trillo-Osuna,raimundo25@ayuso.es
Palmira Ramos-Peral,berenguerbuenaventura@yahoo.com
Héctor Viña-Quesada,bermejocarla@agusti-alvaro.com
Erasmo Quintero Vizcaíno,joeluriarte@gmail.com
Iris Verdú Bautista,xteruel@gmail.com
Demetrio Cobo Becerra,jafet29@gmail.com
Sofía Villar Becerra,murciafrancisco@lucena-ojeda.es
Encarnacion Cánovas Font,avilesvalentina@ferrando.com
Ramón Montoya Niño,fanny19@hotmail.com
Casandra Barrena Carbajo,vcervantes@olivera-olmedo.es
Maximiliano Higueras Pardo,delia98@rivera.com
Iván Arnal Leiva,saturnino00@casares.net
Jose Angel Edelmiro Segura Real,kike63@oliver.es
Rodrigo Barco Oller,amayamolins@gmail.com
Bernardita Camacho Coll,lorenzabenitez@yahoo.com
Calista Alcalde Manso,jose-manuelcarreno@fuertes-lledo.es
Ernesto Cornejo-Baeza,encarnacion37@hotmail.com
Eliana Hervás Mayol,noemi69@gmail.com
Juan Antonio Reyes Castelló,anselmoferrera@agudo.org
Marianela Patiño Arranz,cbarcelo@rios.com
Benito Mur Reguera,herediasonia@gmail.com
Valeria Abril Vives Fiol,vmancebo@jordan.es
Onofre Busquets Cordero,noemi50@gmail.com
Camila Falcó-Ibarra,carminablazquez@gmail.com
Reynaldo Barrios Valdés,ipina@hotmail.com
Pablo Feliu Borrell,barberaamada@mendoza.com
Ángela Prieto Colom,sanchezgregorio@hotmail.com
Roque Conesa Nevado,ojedaleocadia@yahoo.com
Valerio Paco Quevedo Gomis,svalentin@yahoo.com
Rosendo Bustamante Jaén,bribera@gmail.com
Irene Miguel Zapata,eloy48@perales.es
René Pancho Garcia Aguiló,evangelina81@zapata-domingo.net
Ruth Llorens Rovira,oayllon@andres-segui.com
Gabriel Rubio Antón,calisto45@estrada.org
Bernabé de Agudo,alvaro23@hotmail.com
Fausto Giménez Castrillo,tfrancisco@montserrat.com
Nilda Ríos Carbonell,burgosmagdalena@pena.es
Primitiva Salcedo Pomares,cmoraleda@yahoo.com
Ale Pedrero-Aroca,vtorralba@gmail.com
Begoña Vilanova Villalonga,vidal51@hotmail.com
Rosalinda Rosa Garzón,sgodoy@santiago-pino.es
Néstor Colom Pazos,loretonunez@gmail.com
Mayte María Dolores Barrena Salcedo,hcano@galvez-vicente.org
Marisa Berenguer-Pombo,qcardenas@hotmail.com
Jovita de Valero,elpidiosotelo@yahoo.com
Evaristo Jover,javi34@carreras-espana.es
Gastón Ballesteros Mascaró,florinarosado@sevillano.com
Rosalinda Vallés-Cuesta,fabregatyesica@verdejo.es
Jose Francisco Miró,benigno16@yahoo.com
Susana Barbero-Camacho,segismundo36@suarez.org
Alexandra Roca Anguita,mbarrera@amor-armas.net
Guiomar Naranjo Benavente,danriquelme@escudero.com
Priscila Rocamora Alsina,romanjulia@padilla.org
Eufemia Higueras Sáez,paloma71@roca.es
Nicanor Becerra,mugicadanilo@caballero.es
Alfonso Cerdán Calatayud,dalmaudomingo@hotmail.com
Lorenzo Salgado-Quintana,berto99@ramis.es
Íngrid Alvarado-Borrás,nereamontes@camara-figueras.com
Feliciano Tejada-Palacio,germanpalomares@bolanos-garate.com
Calixto Valls Otero,belmonteanselmo@pages.org
Olga Valera,rosalina14@hotmail.com
Vanesa Montesinos,gracialola@mendoza-bautista.es
Sigfrido Gabaldón Barceló,ramonpalomar@moll.es
Graciano Marquez Tirado,kvaquero@arnal.org
Álvaro Lucas Aroca,carrascojose-luis@garcia.es
Jacobo Rodolfo Torre Godoy,rcollado@bermejo.com
Susanita Coello Fuster,gmarin@aragon.es
Concepción Guijarro-Godoy,castillonicodemo@gmail.com
Antonio Chico Mir,palomanoguera@gmail.com
Manu Marta Nuñez Briones,marcelo09@lago-penas.com
Enrique Goicoechea,wgallart@yahoo.com
Rosalina Fábregas Pera,vilma72@carro.com
Esteban Bilbao,onofre96@pallares-olmedo.org
Adolfo de Marin,villegasdemetrio@hotmail.com
Gregorio Riba Lumbreras,maria-carmen17@codina.es
Berta Peñalver-Araujo,jordisalinas@hotmail.com
Vasco Domingo,gertrudismesa@gmail.com
Mariano Amor,rosa-mariabarriga@hotmail.com
Anselmo Amigó-Riquelme,elviraperera@uribe-aliaga.es
Olegario Escolano Salas,herberto32@hervia.net
Caridad Ferrández-Vilar,ismael83@bolanos.es
Estrella Girona Montaña,qpolo@hotmail.com
Arturo Vicente Pont,abigail53@sales.org
Beatriz Adora Higueras Marin,brionesantonio@lujan.com
Lupe Quiroga Isern,alcalderocio@yahoo.com
Nieves Maestre-Lloret,pradajordana@yahoo.com
Apolonia Padilla Otero,susana11@dominguez.net
Agustina León Valenciano,alejo03@nieto-codina.es
Gilberto Ocaña Ferrándiz,virginia13@yahoo.com
Julia del Montoya,piacalderon@patino-reguera.org
Perlita Arco Casado,elianagarcia@yahoo.com
Raquel Ramírez Alvarez,eherranz@gmail.com
Bonifacio Aliaga Agustí,mendozaileana@bertran-gras.es
Dani Felix Cáceres Morera,calvogaspar@vizcaino.com
Nadia del Sáez,alvareznilda@hotmail.com
Nuria Mínguez Ariño,casanovasjose@monreal.net
Angélica Figueroa Montoya,carmina07@checa.com
Alfredo Bermudez Muro,celia57@yahoo.com
Socorro Morata Lara,rodriguezjuan-antonio@armengol-blanca.net
Gabriela Clara Gimeno Conde,mirandamarta@barrera.org
Edu Casanova Ortiz,alexpineiro@cervera-alamo.es
Maura Barceló Calderón,ivicente@espana.com
Eulalia Carpio-Tur,bquintana@yahoo.com
Ofelia de Ugarte,qamigo@gmail.com
Wálter de Camacho,clara03@torrens-galan.org
Severiano Cerro Aguiló,polomaria-del-carmen@sureda.org
Josefa Aránzazu Domingo Estrada,npozo@escriva-madrigal.com
José Mari de Amo,roberta20@gmail.com
Juan Bautista Chamorro,cortinaruth@vaquero-velazquez.net
Luna Parejo,kolivares@hotmail.com
Pili Palacios Manuel,vinaolga@royo.es
Isidoro Cardona-Miguel,znogues@gmail.com
Gervasio Zabaleta Figueras,francisca68@cerezo.com
Virgilio del Campoy,valerasamanta@yahoo.com
Teo Francisco Ortiz Gomez,eduardo84@gmail.com
Rosalina Aragón Pozo,estebangutierrez@lluch.com
Nazario Nicolau Torre,fortunygraciela@gonzalez.es
Palmira Álamo Cabeza,maribelvives@yahoo.com
Febe Sanmartín,wcabanillas@sevillano-benavent.es
Hector Vilar,pio18@cozar-aguirre.com
Ariadna Fortuny Cabello,blancodorita@hotmail.com
Lope Sobrino,marisol71@infante.org
Juan Bautista Carmona Hervia,umateu@sancho-poza.com
Danilo Chico Corral,zmayo@morera.com
Quirino de Bárcena,ismael32@hotmail.com
Jennifer Aliaga Abad,uhoyos@quintana-alfaro.es
Jennifer Coronado Canales,yessicafigueras@gmail.com
Porfirio Villalonga Salamanca,yesicacabeza@frutos.net
Duilio Andreu Mancebo,joaquin95@vives-herrera.es
Manuelita Martin Seguí,cepedacarlito@carbonell-tenorio.es
Julieta Morell Paredes,xborrell@colomer-pinedo.es
Manuel Ródenas-Fabregat,polocarolina@conde-granados.org
Fulgencio Marcos Pinto,romajuan-luis@anaya.es
Irma Piñol Granados,encarnacionalberola@gmail.com
Marciano Español Valbuena,lledoperla@gmail.com
Benito Alberola-Barbero,acerolara@jove-azorin.com
Juan Pablo Mínguez Palma,angelinacampoy@gmail.com
