nombre,precio,stock
Router WiFi 3569,321.05,2796
Monitor LED 24'' 4613,98.47,4586
Power Bank 10000mAh 1023,109.69,3005
Impresora Multifuncional 4394,285.44,4110
Smartphone 128GB 2796,388.81,4505
Smartphone 128GB 9736,183.7,4529
Impresora Multifuncional 4105,386.29,300
Monitor LED 24'' 4483,256.48,402
Impresora Multifuncional 6626,352.89,1497
Monitor LED 24'' 8355,368.59,1092
Monitor LED 24'' 5490,279.46,3374
Router WiFi 8887,242.24,4402
Impresora Multifuncional 2851,363.27,4793
Router WiFi 5162,236.52,4340
Laptop Gamer 256,316.21,3963
Power Bank 10000mAh 4530,287.03,3148
Reloj Inteligente 9344,351.35,4569
Memoria USB 32GB 9767,13.83,3353
Proyector Mini 9425,253.21,1330
Memoria USB 32GB 479,338.32,1377
Cámara Web HD 4154,104.64,2233
Smartphone 128GB 8177,282.31,428
Reloj Inteligente 4715,311.52,884
Proyector Mini 6769,263.11,2812
Proyector Mini 5617,144.25,1374
Auriculares Bluetooth 8772,102.13,1718
Proyector Mini 102,140.46,1098
Monitor LED 24'' 4933,149.12,2132
Impresora Multifuncional 8478,212.38,332
Cargador USB-C 8765,33.86,82
Mouse Inalámbrico 8253,135.33,4360
Tablet 10 Pulgadas 7382,236.69,93
Impresora Multifuncional 3070,92.36,4212
Ventilador Portátil 1696,364.34,3121
Disco Duro Externo 1TB 4870,171.02,111
Reloj Inteligente 7224,15.91,2604
Lámpara de Escritorio LED 9120,331.29,3029
Impresora Multifuncional 8666,339.52,2940
Mouse Inalámbrico 4522,305.52,131
Cargador USB-C 8042,395.67,622
Tablet 10 Pulgadas 422,19.58,2173
Disco Duro Externo 1TB 5473,388.45,512
Smartphone 128GB 8345,311.89,738
Proyector Mini 8640,264.71,798
Memoria USB 32GB 8531,206.0,3218
Disco Duro Externo 1TB 5176,158.99,1087
Cargador USB-C 2255,108.57,3935
Router WiFi 5249,228.75,1263
Ventilador Portátil 703,57.17,3585
Ventilador Portátil 3603,329.61,1707
Cargador USB-C 5661,231.61,3277
Silla Ergonómica 4921,176.28,295
Disco Duro Externo 1TB 1534,179.49,3925
Silla Ergonómica 2904,379.49,2540
Cargador USB-C 7827,155.16,4400
Cámara Web HD 7661,292.2,4612
Tablet 10 Pulgadas 8039,287.61,2610
Silla Ergonómica 817,234.16,1707
Micro SD 64GB 547,269.65,2598
Reloj Inteligente 8170,79.74,3086
Cámara Web HD 3048,67.87,2581
Auriculares Bluetooth 3217,170.7,1074
Micro SD 64GB 5728,217.11,1855
Monitor LED 24'' 6427,67.13,2953
Power Bank 10000mAh 2291,13.96,50
Silla Ergonómica 941,194.64,2339
Silla Ergonómica 7771,358.99,1149
Disco Duro Externo 1TB 2230,364.18,1507
Tablet 10 Pulgadas 3396,272.73,3094
Micro SD 64GB 3575,81.16,3960
Memoria USB 32GB 3876,44.98,253
Lámpara de Escritorio LED 5906,231.8,255
Smartphone 128GB 7649,128.73,687
Smartphone 128GB 3514,248.68,2231
Cargador USB-C 6556,110.71,4519
Cámara Web HD 5875,140.33,1561
Auriculares Bluetooth 1822,155.34,30
Memoria USB 32GB 5345,194.98,4854
Cargador USB-C 2050,27.75,3953
Mouse Inalámbrico 4733,297.19,701
Auriculares Bluetooth 9089,194.22,3716
Cámara Web HD 3330,231.93,1902
Cámara Web HD 1784,313.74,531
Impresora Multifuncional 5266,201.78,3226
Cargador USB-C 2187,36.7,2331
Laptop Gamer 5395,217.51,416
Disco Duro Externo 1TB 4950,62.09,912
Ventilador Portátil 4969,153.95,836
Memoria USB 32GB 7250,122.93,1250
Proyector Mini 5988,91.32,1120
Disco Duro Externo 1TB 3353,230.45,4824
Cargador USB-C 2190,121.75,2655
Teclado Mecánico 4907,334.19,2467
Ventilador Portátil 7532,229.45,2623
Router WiFi 6457,143.72,506
Monitor LED 24'' 6552,348.37,157
Smartphone 128GB 4052,126.41,3474
Micro SD 64GB 5012,52.06,4265
Router WiFi 8910,338.69,3617
Laptop Gamer 3071,145.61,711
Reloj Inteligente 5688,67.79,755
Power Bank 10000mAh 3824,259.56,611
Cargador USB-C 3430,202.74,2655
Memoria USB 32GB 8373,266.74,4685
Silla Ergonómica 3435,329.53,439
Proyector Mini 8608,358.53,1055
Power Bank 10000mAh 7550,279.77,4739
Memoria USB 32GB 4492,23.22,2129
Cargador USB-C 635,229.71,2124
Monitor LED 24'' 7350,12.63,2528
Monitor LED 24'' 3880,274.66,567
Power Bank 10000mAh 8859,190.11,2580
Mouse Inalámbrico 3805,110.94,2046
Auriculares Bluetooth 5997,220.9,2162
Ventilador Portátil 6322,392.41,4011
Proyector Mini 9605,399.51,2415
Lámpara de Escritorio LED 3242,184.54,4496
Micro SD 64GB 5378,294.51,2211
Smartphone 128GB 8821,115.36,3431
Micro SD 64GB 9012,122.48,1358
Cargador USB-C 88,146.25,4210
Teclado Mecánico 3757,51.4,3009
Tablet 10 Pulgadas 3786,255.87,2513
Lámpara de Escritorio LED 287,275.47,348
Memoria USB 32GB 1163,11.61,4817
Cargador USB-C 1339,103.85,3742
Router WiFi 1589,204.82,3677
Silla Ergonómica 8295,309.48,1246
Teclado Mecánico 4328,373.99,3594
Cámara Web HD 1432,320.87,2336
Proyector Mini 9906,335.98,631
Mouse Inalámbrico 9806,297.39,4603
Mouse Inalámbrico 2697,228.04,2755
Monitor LED 24'' 1714,201.64,299
Memoria USB 32GB 9527,228.75,2120
Smartphone 128GB 6779,338.12,4984
Teclado Mecánico 603,395.61,2897
Cargador USB-C 1210,200.13,3855
Silla Ergonómica 5405,83.67,218
Tablet 10 Pulgadas 4201,384.64,3619
Impresora Multifuncional 5234,353.76,2683
Cargador USB-C 3519,249.13,4087
Micro SD 64GB 8499,31.91,3378
Mouse Inalámbrico 554,122.76,3775
Teclado Mecánico 5508,92.91,4155
Auriculares Bluetooth 3276,11.48,247
Impresora Multifuncional 6418,226.25,1712
Reloj Inteligente 8046,188.38,1395
Ventilador Portátil 4478,341.2,4751
Reloj Inteligente 4353,131.27,3011
Cámara Web HD 997,165.53,2214
Impresora Multifuncional 7621,189.57,1255
Mouse Inalámbrico 354,128.65,2807
Disco Duro Externo 1TB 197,379.46,661
Router WiFi 8142,72.1,3509
Smartphone 128GB 2380,317.94,1202
Impresora Multifuncional 4218,113.86,4407
Laptop Gamer 5065,178.8,3940
Smartphone 128GB 8810,343.42,1910
Ventilador Portátil 8477,283.11,3300
Micro SD 64GB 8777,168.32,920
Impresora Multifuncional 4664,370.98,239
Monitor LED 24'' 7405,352.7,1133
Ventilador Portátil 4378,151.63,3483
Cámara Web HD 626,168.21,3303
Cargador USB-C 9790,93.27,2693
Router WiFi 6368,378.12,60
Proyector Mini 9540,394.39,1551
Power Bank 10000mAh 6383,90.09,1511
Cámara Web HD 9883,393.55,1236
Cámara Web HD 3978,122.11,2633
Cámara Web HD 5232,285.79,4206
Reloj Inteligente 4186,196.47,4015
Lámpara de Escritorio LED 4441,258.59,2757
Monitor LED 24'' 6196,222.86,283
Micro SD 64GB 1264,45.73,4247
Auriculares Bluetooth 9632,255.84,4940
Mouse Inalámbrico 1074,127.39,809
Micro SD 64GB 3056,194.86,3439
Ventilador Portátil 873,379.69,2413
Tablet 10 Pulgadas 8179,112.85,1028
Tablet 10 Pulgadas 9182,106.55,2838
Cargador USB-C 1572,282.8,1664
Ventilador Portátil 5049,321.78,2748
Silla Ergonómica 2107,364.47,51
Monitor LED 24'' 2740,327.17,4480
Cargador USB-C 6647,173.85,2749
Power Bank 10000mAh 7072,82.6,2037
Mouse Inalámbrico 5942,96.1,4624
Auriculares Bluetooth 4068,388.82,689
Smartphone 128GB 5203,374.41,3985
Monitor LED 24'' 7626,241.31,4050
Memoria USB 32GB 7429,238.82,2305
Smartphone 128GB 7998,93.39,2247
Power Bank 10000mAh 5369,298.48,4817
Laptop Gamer 560,374.15,4269
Router WiFi 7288,29.68,1538
Smartphone 128GB 6960,399.29,2709
Cámara Web HD 3500,292.32,1105
Mouse Inalámbrico 5163,238.93,805
Auriculares Bluetooth 9853,315.92,2296
Laptop Gamer 2771,206.88,4093
Ventilador Portátil 4466,317.65,4452
Router WiFi 8412,111.49,4204
Reloj Inteligente 2611,209.43,103
Cámara Web HD 2212,318.13,298
Memoria USB 32GB 4584,319.65,3527
Memoria USB 32GB 8651,48.3,3979
Proyector Mini 3455,88.33,3578
Power Bank 10000mAh 533,325.01,3082
Disco Duro Externo 1TB 6040,204.72,3023
Impresora Multifuncional 3810,30.6,3322
Silla Ergonómica 2089,325.56,3339
Cámara Web HD 9551,396.91,2640
Memoria USB 32GB 6765,295.14,3163
Teclado Mecánico 2901,379.88,1069
Ventilador Portátil 8532,18.18,4942
Memoria USB 32GB 1229,184.61,1880
Cargador USB-C 4900,328.19,4322
Memoria USB 32GB 7798,247.55,3251
Teclado Mecánico 317,14.74,960
Memoria USB 32GB 7883,95.88,4890
Lámpara de Escritorio LED 5172,59.52,3024
Auriculares Bluetooth 4965,88.93,2150
Laptop Gamer 9155,91.8,3600
Teclado Mecánico 8669,319.42,3791
Cargador USB-C 2168,230.06,4706
Ventilador Portátil 948,256.52,3170
Micro SD 64GB 2516,334.95,339
Cámara Web HD 8834,320.25,3209
Disco Duro Externo 1TB 8860,134.07,4153
Lámpara de Escritorio LED 395,353.31,4909
Proyector Mini 7046,15.85,2036
Disco Duro Externo 1TB 4149,266.94,1001
Lámpara de Escritorio LED 7861,399.96,3888
Memoria USB 32GB 240,385.79,3842
Memoria USB 32GB 5147,190.12,4301
Cargador USB-C 3006,237.76,3986
Tablet 10 Pulgadas 2068,69.56,537
Teclado Mecánico 5321,310.94,1353
Auriculares Bluetooth 5760,357.15,4558
Reloj Inteligente 5233,292.69,3146
Reloj Inteligente 2701,191.23,4080
Silla Ergonómica 5647,255.27,1450
Power Bank 10000mAh 8227,303.66,3506
Router WiFi 587,139.84,3985
Memoria USB 32GB 5099,26.97,273
Power Bank 10000mAh 4537,368.26,3456
Impresora Multifuncional 6223,131.85,2115
Power Bank 10000mAh 3030,275.88,2081
Silla Ergonómica 7997,220.87,1696
Laptop Gamer 3260,193.26,1965
Mouse Inalámbrico 5515,184.72,2151
Micro SD 64GB 3396,139.57,2052
Router WiFi 3475,60.76,1991
Silla Ergonómica 42,223.24,3054
Reloj Inteligente 2288,103.94,3852
Lámpara de Escritorio LED 2964,234.42,4396
Auriculares Bluetooth 2029,386.8,1056
Tablet 10 Pulgadas 2633,122.05,1542
Impresora Multifuncional 1108,137.34,2693
Reloj Inteligente 2157,287.09,643
Mouse Inalámbrico 3002,236.94,2418
Proyector Mini 6758,300.44,4916
Ventilador Portátil 9432,42.43,3992
Reloj Inteligente 9543,127.38,1998
Power Bank 10000mAh 8045,267.44,1705
Teclado Mecánico 6708,282.94,3076
Tablet 10 Pulgadas 6839,374.86,3220
Laptop Gamer 6734,316.68,2600
Smartphone 128GB 9049,369.17,960
Smartphone 128GB 9361,391.16,1913
Teclado Mecánico 3187,67.67,3823
Lámpara de Escritorio LED 7919,95.7,1118
Tablet 10 Pulgadas 2903,75.02,2178
Proyector Mini 8728,219.7,1528
Cámara Web HD 4825,104.86,2427
Disco Duro Externo 1TB 1240,322.92,4900
Micro SD 64GB 1295,154.79,4247
Cargador USB-C 2866,366.31,770
Lámpara de Escritorio LED 4785,115.49,471
Monitor LED 24'' 9463,284.37,77
Disco Duro Externo 1TB 8425,384.7,4377
Micro SD 64GB 2525,397.07,4632
Tablet 10 Pulgadas 6185,103.87,1632
Auriculares Bluetooth 7884,31.81,3716
Smartphone 128GB 2110,246.29,1180
Auriculares Bluetooth 9454,185.48,2325
Cámara Web HD 7087,139.87,4566
Tablet 10 Pulgadas 8674,160.65,3054
Mouse Inalámbrico 351,152.89,2427
Silla Ergonómica 1483,305.54,2054
Auriculares Bluetooth 3720,100.68,4480
Proyector Mini 811,111.64,552
Disco Duro Externo 1TB 2646,395.46,4936
Memoria USB 32GB 2551,394.05,4419
Proyector Mini 1523,138.94,187
Ventilador Portátil 5173,348.28,3160
Auriculares Bluetooth 2747,287.46,1578
Teclado Mecánico 5287,399.58,1429
Proyector Mini 3271,105.46,3459
Disco Duro Externo 1TB 4293,224.52,202
Lámpara de Escritorio LED 4933,185.5,69
Micro SD 64GB 8880,193.57,597
Router WiFi 5047,320.46,3384
Memoria USB 32GB 3270,188.01,2704
Router WiFi 655,305.07,3160
Tablet 10 Pulgadas 9356,11.82,611
Ventilador Portátil 5822,291.39,1390
Proyector Mini 6878,92.79,2341
Silla Ergonómica 267,340.27,2173
Power Bank 10000mAh 4668,152.01,4378
Tablet 10 Pulgadas 9763,127.05,3483
Laptop Gamer 3979,146.41,1911
Teclado Mecánico 3263,20.02,601
Router WiFi 8264,162.69,4320
Lámpara de Escritorio LED 1450,281.44,4654
Impresora Multifuncional 2626,17.6,4066
Teclado Mecánico 5486,351.5,1768
Proyector Mini 9786,207.03,4290
Silla Ergonómica 4523,216.76,1473
Ventilador Portátil 7229,269.37,4299
Cargador USB-C 7145,355.29,4959
Cámara Web HD 544,194.1,648
Disco Duro Externo 1TB 231,139.14,4647
Smartphone 128GB 6527,25.96,2807
Ventilador Portátil 6633,110.25,1658
Teclado Mecánico 6625,97.25,839
Lámpara de Escritorio LED 3692,22.83,2628
Disco Duro Externo 1TB 5265,194.11,1710
Lámpara de Escritorio LED 6272,105.27,2594
Silla Ergonómica 358,208.42,677
Cámara Web HD 4085,330.54,3626
Memoria USB 32GB 1251,189.98,5000
Smartphone 128GB 5742,250.29,3249
Cargador USB-C 2429,354.52,2126
Teclado Mecánico 422,126.55,2808
Router WiFi 8857,357.15,4294
Lámpara de Escritorio LED 9793,123.9,4115
Reloj Inteligente 8967,339.86,2213
Tablet 10 Pulgadas 1137,295.48,1887
Teclado Mecánico 3106,374.08,4607
Silla Ergonómica 1232,343.19,2949
Tablet 10 Pulgadas 3773,332.57,4229
Auriculares Bluetooth 5153,95.66,1818
Laptop Gamer 6389,150.69,2026
Power Bank 10000mAh 9814,341.94,4424
Cargador USB-C 4310,89.75,2767
Disco Duro Externo 1TB 1946,369.66,1286
Proyector Mini 4307,133.65,2987
Laptop Gamer 5725,15.19,4967
Tablet 10 Pulgadas 5910,220.63,3373
Lámpara de Escritorio LED 8485,173.04,509
Monitor LED 24'' 657,387.83,677
Cargador USB-C 4494,73.17,4550
Memoria USB 32GB 2295,33.57,3623
Teclado Mecánico 1254,33.37,773
Auriculares Bluetooth 4130,322.05,4140
Monitor LED 24'' 7030,234.83,4370
Monitor LED 24'' 9853,54.36,4282
Mouse Inalámbrico 5691,312.95,4158
Mouse Inalámbrico 5372,385.42,1710
Lámpara de Escritorio LED 8259,315.25,1210
Monitor LED 24'' 2545,116.52,1223
Cargador USB-C 1158,230.31,719
Reloj Inteligente 6155,373.1,3865
Tablet 10 Pulgadas 1371,120.11,3761
Disco Duro Externo 1TB 8373,58.42,3408
Mouse Inalámbrico 5703,381.03,422
Disco Duro Externo 1TB 4743,12.39,4528
Router WiFi 8871,268.28,3995
Smartphone 128GB 8744,171.04,4272
Reloj Inteligente 2869,382.58,1504
Reloj Inteligente 5574,369.22,2967
Proyector Mini 7783,378.76,4058
Reloj Inteligente 8764,223.31,1031
Silla Ergonómica 4268,326.02,3991
Router WiFi 5838,383.01,4827
Cámara Web HD 5531,117.67,1888
Ventilador Portátil 4135,297.03,2119
Disco Duro Externo 1TB 3110,184.93,2005
Micro SD 64GB 4381,368.04,4242
Power Bank 10000mAh 3692,156.63,1568
Impresora Multifuncional 5561,170.77,973
Router WiFi 6231,377.73,4511
Micro SD 64GB 8151,42.9,1851
Cargador USB-C 1963,83.42,1679
Tablet 10 Pulgadas 5049,321.84,1203
Memoria USB 32GB 2829,104.89,4917
Disco Duro Externo 1TB 1057,123.86,3530
Memoria USB 32GB 7911,327.8,910
Power Bank 10000mAh 6687,356.14,3991
Silla Ergonómica 5053,297.52,2133
Smartphone 128GB 6018,129.78,1725
Power Bank 10000mAh 4904,384.01,2273
Tablet 10 Pulgadas 7504,273.44,2702
Smartphone 128GB 5755,212.38,1865
Micro SD 64GB 6550,66.89,4090
Disco Duro Externo 1TB 2435,68.86,2198
Tablet 10 Pulgadas 7111,51.46,2390
Reloj Inteligente 5648,82.64,4843
Proyector Mini 1721,220.12,729
Ventilador Portátil 2745,388.93,2061
Smartphone 128GB 3402,116.93,3468
Silla Ergonómica 5493,317.77,1812
Monitor LED 24'' 6905,339.28,3653
Tablet 10 Pulgadas 8669,344.02,1628
Proyector Mini 1144,74.36,2399
Disco Duro Externo 1TB 6502,178.63,3459
Ventilador Portátil 7020,107.75,3130
Silla Ergonómica 9624,378.49,2642
Mouse Inalámbrico 4066,46.82,2620
Silla Ergonómica 8063,57.1,519
Monitor LED 24'' 4432,344.9,1524
Cámara Web HD 8535,270.79,1632
Lámpara de Escritorio LED 2463,98.02,4876
Cámara Web HD 3621,342.82,1586
Disco Duro Externo 1TB 9863,362.65,2346
Router WiFi 1649,378.73,1079
Laptop Gamer 9586,294.06,1667
Laptop Gamer 8529,196.29,3742
Impresora Multifuncional 5535,217.87,195
Monitor LED 24'' 7815,244.2,3709
Disco Duro Externo 1TB 8192,215.75,1849
Router WiFi 5782,87.02,3126
Silla Ergonómica 5849,278.82,2986
Reloj Inteligente 3628,371.62,1433
Mouse Inalámbrico 6917,286.19,2323
Reloj Inteligente 9777,346.81,1481
Tablet 10 Pulgadas 4269,151.23,4082
Ventilador Portátil 332,396.01,2728
Reloj Inteligente 7930,398.43,1653
Reloj Inteligente 4967,111.51,2928
Reloj Inteligente 7044,232.68,565
Monitor LED 24'' 975,378.03,2496
Proyector Mini 564,270.65,2993
Reloj Inteligente 1420,195.28,1084
Teclado Mecánico 8513,316.58,3276
Laptop Gamer 4808,314.95,4620
Power Bank 10000mAh 747,364.38,4935
Cargador USB-C 3197,30.75,4336
Auriculares Bluetooth 5972,72.87,4444
Router WiFi 8442,173.2,1916
Ventilador Portátil 9022,148.69,2739
Smartphone 128GB 2023,19.92,2801
Ventilador Portátil 2893,286.46,3982
Cargador USB-C 32,386.24,3332
Ventilador Portátil 1163,130.66,1634
Silla Ergonómica 2914,161.08,3154
Cámara Web HD 8015,83.08,2037
Power Bank 10000mAh 8581,272.85,1898
Power Bank 10000mAh 5420,331.11,2295
Monitor LED 24'' 7960,135.5,4129
Power Bank 10000mAh 9002,253.88,3959
Tablet 10 Pulgadas 8746,278.82,2137
Monitor LED 24'' 7120,15.38,4798
Reloj Inteligente 6362,262.39,4068
Ventilador Portátil 9925,302.69,1225
Smartphone 128GB 8603,316.57,3567
Teclado Mecánico 3501,216.26,2210
Teclado Mecánico 796,216.65,129
Smartphone 128GB 5895,252.59,891
Impresora Multifuncional 5206,190.33,3650
Micro SD 64GB 4747,71.57,3308
Cámara Web HD 5641,144.16,809
Micro SD 64GB 1385,48.1,4689
Proyector Mini 6907,336.16,4308
Laptop Gamer 9517,243.1,2418
Reloj Inteligente 4489,54.66,4599
Smartphone 128GB 9419,51.47,350
Lámpara de Escritorio LED 8611,377.91,3793
Teclado Mecánico 2464,89.22,2990
Impresora Multifuncional 8415,198.49,45
Cargador USB-C 7537,351.56,335
Tablet 10 Pulgadas 342,146.42,716
Router WiFi 4064,176.54,2155
Memoria USB 32GB 5278,346.33,1472
Mouse Inalámbrico 684,320.29,4092
Proyector Mini 5315,331.72,4586
Reloj Inteligente 2170,286.56,3977
Cargador USB-C 2114,206.02,2570
Cargador USB-C 713,217.05,2737
Power Bank 10000mAh 1414,232.19,4864
Memoria USB 32GB 7670,149.36,798
Router WiFi 2243,320.25,4503
Power Bank 10000mAh 3525,206.82,2717
Power Bank 10000mAh 6662,53.33,312
Teclado Mecánico 7324,232.79,1217
Mouse Inalámbrico 1610,248.99,3197
Tablet 10 Pulgadas 1295,333.62,3699
Power Bank 10000mAh 6052,308.07,3722
Tablet 10 Pulgadas 2776,292.68,269
Proyector Mini 7462,302.55,4236
Proyector Mini 8123,350.46,2141
Reloj Inteligente 9932,275.68,4320
Router WiFi 2734,241.86,2985
Auriculares Bluetooth 5804,67.49,4744
Impresora Multifuncional 5945,302.26,4083
Router WiFi 6541,335.0,1134
Monitor LED 24'' 7200,31.04,606
Lámpara de Escritorio LED 4742,357.65,4831
Auriculares Bluetooth 8154,325.4,1202
Tablet 10 Pulgadas 2819,356.59,1108
Proyector Mini 9035,228.06,3701
Power Bank 10000mAh 2912,84.51,917
Impresora Multifuncional 4115,381.04,1602
Tablet 10 Pulgadas 6439,361.6,1391
Silla Ergonómica 2615,21.12,4915
Silla Ergonómica 1184,226.48,1607
Smartphone 128GB 9874,301.85,4119
Router WiFi 9161,80.14,2371
Memoria USB 32GB 7509,19.7,62
Reloj Inteligente 6344,330.2,3107
Disco Duro Externo 1TB 8108,327.81,4456
Silla Ergonómica 9567,38.51,2030
Mouse Inalámbrico 391,95.69,3355
Router WiFi 1264,326.7,1726
Memoria USB 32GB 3995,42.47,1838
Disco Duro Externo 1TB 1621,231.56,561
Micro SD 64GB 565,148.79,4352
Router WiFi 6315,311.55,3524
Lámpara de Escritorio LED 5266,129.19,3972
Smartphone 128GB 7801,236.34,711
Monitor LED 24'' 1587,85.31,2702
Lámpara de Escritorio LED 36,318.71,2150
Laptop Gamer 4781,255.92,2242
Auriculares Bluetooth 6911,121.35,2012
Proyector Mini 7330,364.74,1942
Silla Ergonómica 5920,91.16,1799
Teclado Mecánico 7533,389.25,3423
Smartphone 128GB 3517,361.81,1318
Proyector Mini 9357,333.93,4289
Ventilador Portátil 3485,353.39,332
Ventilador Portátil 6629,65.89,3667
Ventilador Portátil 466,356.46,2402
Smartphone 128GB 2038,70.4,1604
Memoria USB 32GB 6877,183.97,4305
Impresora Multifuncional 7990,160.93,2515
Smartphone 128GB 491,353.74,575
Impresora Multifuncional 6207,163.64,4261
Power Bank 10000mAh 5380,184.11,4251
Laptop Gamer 9012,52.07,1095
Smartphone 128GB 3685,304.92,1492
Tablet 10 Pulgadas 4194,364.32,1383
Mouse Inalámbrico 543,305.26,646
Cargador USB-C 7497,376.67,732
Auriculares Bluetooth 911,376.54,1132
Monitor LED 24'' 7361,276.55,27
Silla Ergonómica 7080,145.91,2468
Cámara Web HD 7835,107.83,611
Power Bank 10000mAh 4998,65.94,4563
Teclado Mecánico 4890,380.85,2491
Reloj Inteligente 58,163.23,4205
Impresora Multifuncional 82,390.87,4850
Laptop Gamer 2452,138.77,1408
Tablet 10 Pulgadas 9777,363.15,3107
Auriculares Bluetooth 7199,187.64,1565
Router WiFi 3677,110.91,490
Smartphone 128GB 6913,76.89,557
Cargador USB-C 873,319.32,3880
Proyector Mini 6957,248.45,1849
Micro SD 64GB 9797,168.64,4745
Impresora Multifuncional 9541,351.01,4059
Tablet 10 Pulgadas 905,377.18,2700
Laptop Gamer 2326,135.15,667
Impresora Multifuncional 1220,71.72,2263
Teclado Mecánico 5846,118.9,523
Cámara Web HD 2912,119.98,1383
Monitor LED 24'' 2097,159.53,3359
Disco Duro Externo 1TB 4741,336.73,930
Micro SD 64GB 8120,145.63,3881
Memoria USB 32GB 7649,93.64,1547
Monitor LED 24'' 1402,362.13,474
Tablet 10 Pulgadas 890,385.64,2582
Lámpara de Escritorio LED 6062,88.31,762
Teclado Mecánico 5253,39.61,2200
Cargador USB-C 7600,373.38,1987
Smartphone 128GB 2922,309.25,1259
Ventilador Portátil 7984,198.92,1550
Disco Duro Externo 1TB 4961,178.34,2414
Teclado Mecánico 1834,102.13,2108
Auriculares Bluetooth 2980,81.9,2292
Monitor LED 24'' 6479,172.73,4672
Impresora Multifuncional 5684,109.88,2656
Teclado Mecánico 7635,287.9,3410
Teclado Mecánico 4922,365.13,900
Ventilador Portátil 1232,201.87,2687
Lámpara de Escritorio LED 2322,304.99,2919
Tablet 10 Pulgadas 4832,231.94,1253
Ventilador Portátil 4086,386.36,3322
Ventilador Portátil 702,83.41,1269
Silla Ergonómica 1546,295.24,2690
Auriculares Bluetooth 2405,338.86,4604
Cargador USB-C 2671,151.73,1708
Cámara Web HD 8210,298.28,3042
Mouse Inalámbrico 1814,261.29,1159
Mouse Inalámbrico 5664,399.07,2298
Laptop Gamer 6303,294.47,1910
Impresora Multifuncional 8343,380.3,4491
Laptop Gamer 4381,183.9,2606
Cámara Web HD 1084,385.65,1604
Cargador USB-C 3398,56.43,3030
Teclado Mecánico 1999,284.81,332
Micro SD 64GB 8813,266.72,2941
Silla Ergonómica 1025,361.96,732
Disco Duro Externo 1TB 2316,102.33,3589
Ventilador Portátil 9424,86.24,4532
Impresora Multifuncional 7324,297.22,4590
Auriculares Bluetooth 132,304.72,4390
Laptop Gamer 8342,235.48,2724
Router WiFi 8305,61.24,2719
Impresora Multifuncional 4040,260.76,4399
Lámpara de Escritorio LED 2808,176.11,2467
Ventilador Portátil 1106,181.9,4101
Auriculares Bluetooth 1880,305.58,602
Auriculares Bluetooth 5083,273.39,1798
Smartphone 128GB 7913,243.44,742
Cámara Web HD 3907,121.86,2045
Disco Duro Externo 1TB 5862,395.56,4003
Lámpara de Escritorio LED 8009,177.78,1152
Proyector Mini 7959,193.98,557
Impresora Multifuncional 8119,135.47,2914
Micro SD 64GB 8511,161.34,1096
Monitor LED 24'' 3268,281.64,4630
Tablet 10 Pulgadas 6551,32.62,287
Impresora Multifuncional 2857,224.92,2793
Lámpara de Escritorio LED 4042,207.9,4113
Tablet 10 Pulgadas 6598,157.87,437
Monitor LED 24'' 4804,26.64,12
Silla Ergonómica 5111,291.56,2886
Impresora Multifuncional 152,339.35,1000
Cargador USB-C 5194,132.16,3687
Router WiFi 2727,16.39,1069
Disco Duro Externo 1TB 9984,360.78,4756
Monitor LED 24'' 6851,228.84,1071
Reloj Inteligente 4451,114.96,246
Cámara Web HD 5971,32.82,2436
Reloj Inteligente 3655,74.82,406
Cargador USB-C 183,60.61,4017
Cargador USB-C 7730,12.65,4735
Cargador USB-C 773,358.48,1263
Proyector Mini 6053,331.72,1609
Cargador USB-C 1296,140.16,4470
Smartphone 128GB 7596,279.94,4149
Memoria USB 32GB 1411,254.25,2993
Teclado Mecánico 9604,75.14,2526
Router WiFi 4198,59.76,1845
Power Bank 10000mAh 6983,274.24,4590
Memoria USB 32GB 152,77.27,3015
Reloj Inteligente 5570,236.12,1372
Proyector Mini 2989,310.1,1688
Cámara Web HD 2067,195.69,1690
Power Bank 10000mAh 9845,83.59,3971
Auriculares Bluetooth 247,363.39,572
Cargador USB-C 5451,173.65,4171
Micro SD 64GB 7508,376.95,691
Teclado Mecánico 4776,194.81,1269
Laptop Gamer 3894,238.47,3828
Laptop Gamer 2502,367.56,4766
Ventilador Portátil 4902,263.72,3968
Laptop Gamer 6335,90.75,3066
Tablet 10 Pulgadas 4380,111.89,355
Memoria USB 32GB 4689,64.61,4764
Auriculares Bluetooth 1078,123.42,1495
Smartphone 128GB 9835,161.33,1515
Laptop Gamer 24,283.41,44
Mouse Inalámbrico 8022,345.87,4004
Smartphone 128GB 713,232.09,2944
Disco Duro Externo 1TB 9148,262.12,1604
Router WiFi 5227,184.24,2928
Memoria USB 32GB 7785,43.66,2234
Router WiFi 5481,26.43,118
Router WiFi 6802,63.01,1854
Proyector Mini 2796,336.19,4693
Power Bank 10000mAh 2804,245.38,3776
Monitor LED 24'' 4632,65.11,502
Impresora Multifuncional 2989,107.69,1155
Memoria USB 32GB 1779,39.13,4048
Router WiFi 4131,117.79,4637
Tablet 10 Pulgadas 3325,29.31,1713
Auriculares Bluetooth 7970,184.77,4448
Cámara Web HD 2579,377.22,3867
Auriculares Bluetooth 385,89.76,2766
Reloj Inteligente 6625,287.24,4075
Cámara Web HD 2060,71.89,4226
Proyector Mini 1062,211.81,4407
Mouse Inalámbrico 5216,145.77,191
Auriculares Bluetooth 3882,244.35,4482
Memoria USB 32GB 5764,368.31,4021
Disco Duro Externo 1TB 6611,370.19,2649
Lámpara de Escritorio LED 2147,134.84,2546
Laptop Gamer 7916,337.84,4756
Mouse Inalámbrico 7298,226.77,1588
Cámara Web HD 3345,84.65,4437
Auriculares Bluetooth 3789,55.54,923
Teclado Mecánico 3949,94.89,3836
Tablet 10 Pulgadas 1058,180.03,3380
Micro SD 64GB 2902,26.31,2399
Laptop Gamer 4978,119.76,4187
Lámpara de Escritorio LED 5443,85.21,1548
Mouse Inalámbrico 8822,12.65,4614
Smartphone 128GB 4291,380.48,1908
Monitor LED 24'' 7765,82.22,519
Reloj Inteligente 2879,243.19,1343
Micro SD 64GB 2783,164.88,322
Impresora Multifuncional 5384,144.75,208
Router WiFi 9752,109.18,15
Tablet 10 Pulgadas 9160,57.42,1408
Router WiFi 919,299.28,3859
Cargador USB-C 1833,336.38,2575
Impresora Multifuncional 9726,310.14,2526
Auriculares Bluetooth 1369,340.01,4980
Reloj Inteligente 3373,117.29,3205
Teclado Mecánico 7561,347.99,2929
Smartphone 128GB 1800,248.3,83
Laptop Gamer 587,208.31,3552
Laptop Gamer 9476,17.76,566
Cargador USB-C 2997,160.19,423
Proyector Mini 4608,252.2,3046
Silla Ergonómica 2453,394.74,4820
Silla Ergonómica 5954,397.75,2586
Micro SD 64GB 2824,306.57,1311
Micro SD 64GB 3066,342.44,531
Router WiFi 7910,227.8,3229
Power Bank 10000mAh 7858,53.46,517
Micro SD 64GB 1876,390.86,1730
Smartphone 128GB 8838,385.3,3370
Mouse Inalámbrico 5839,386.16,2382
Disco Duro Externo 1TB 280,238.99,1739
Cámara Web HD 8985,40.17,3090
Teclado Mecánico 2732,132.63,3073
Disco Duro Externo 1TB 2298,278.61,2618
Monitor LED 24'' 3084,294.89,467
Impresora Multifuncional 7850,50.37,4329
Cámara Web HD 2569,19.36,4835
Micro SD 64GB 1824,121.66,3876
Disco Duro Externo 1TB 3392,87.26,437
Teclado Mecánico 6218,259.62,2392
Cargador USB-C 5941,30.26,756
Monitor LED 24'' 9347,381.32,3289
Laptop Gamer 8435,119.02,1534
Tablet 10 Pulgadas 6396,42.24,1954
Smartphone 128GB 2444,134.35,393
Reloj Inteligente 2742,196.7,3492
Monitor LED 24'' 8913,17.84,1390
Smartphone 128GB 5332,205.92,2035
Lámpara de Escritorio LED 5672,390.6,2421
Mouse Inalámbrico 4598,56.63,1005
Laptop Gamer 4020,219.69,2794
Monitor LED 24'' 140,272.31,2902
Smartphone 128GB 6840,196.37,4933
Auriculares Bluetooth 5656,394.38,4200
Lámpara de Escritorio LED 3400,118.21,4438
Monitor LED 24'' 1929,89.99,4225
Lámpara de Escritorio LED 9033,294.17,2709
Reloj Inteligente 3778,99.88,2193
Cargador USB-C 5766,245.34,4717
Cargador USB-C 6384,71.3,1611
Router WiFi 1087,63.33,527
Cargador USB-C 6928,360.0,1874
Mouse Inalámbrico 1593,113.41,1462
Tablet 10 Pulgadas 7923,31.38,1143
Disco Duro Externo 1TB 3266,117.24,4697
Proyector Mini 930,226.97,4876
Power Bank 10000mAh 6583,395.27,4057
Lámpara de Escritorio LED 339,54.38,912
Power Bank 10000mAh 8812,28.16,2749
Silla Ergonómica 8784,232.92,2654
Mouse Inalámbrico 2721,221.03,1532
Power Bank 10000mAh 5624,37.45,2401
Proyector Mini 1265,12.73,3347
Reloj Inteligente 4413,149.69,3493
Memoria USB 32GB 6196,227.47,1804
Reloj Inteligente 2126,380.05,1216
Impresora Multifuncional 5732,391.26,4440
Monitor LED 24'' 4550,112.82,117
Cámara Web HD 7875,26.89,990
Laptop Gamer 322,122.79,667
Tablet 10 Pulgadas 9570,152.57,593
Mouse Inalámbrico 3205,269.41,2542
Power Bank 10000mAh 8742,280.32,74
Mouse Inalámbrico 2254,157.08,1221
Silla Ergonómica 7011,395.96,1951
Impresora Multifuncional 5205,182.94,3351
Auriculares Bluetooth 319,71.85,4913
Silla Ergonómica 4044,107.57,4794
Smartphone 128GB 4740,28.52,1495
Cámara Web HD 7888,26.06,1764
Silla Ergonómica 5111,150.94,2540
Teclado Mecánico 6960,268.49,1029
Tablet 10 Pulgadas 1366,140.42,2990
Cámara Web HD 6716,295.42,1323
Auriculares Bluetooth 4317,13.52,1669
Cámara Web HD 3176,27.46,4572
Mouse Inalámbrico 5323,245.73,1140
Power Bank 10000mAh 7613,396.44,826
Cámara Web HD 1716,215.38,2663
Laptop Gamer 1334,146.4,1036
Silla Ergonómica 5212,398.65,3445
Impresora Multifuncional 1318,392.13,10
Cargador USB-C 127,192.81,459
Smartphone 128GB 6000,19.92,4658
Proyector Mini 3799,326.79,379
Laptop Gamer 8239,255.14,1779
Reloj Inteligente 4401,119.05,4635
Proyector Mini 1199,270.17,298
Disco Duro Externo 1TB 2190,154.59,4353
Memoria USB 32GB 228,89.79,750
Tablet 10 Pulgadas 4511,49.01,3280
Auriculares Bluetooth 4284,245.3,4064
Disco Duro Externo 1TB 7178,182.35,4631
Memoria USB 32GB 3120,362.17,1648
Silla Ergonómica 9870,177.94,2612
Tablet 10 Pulgadas 3933,257.23,1487
Disco Duro Externo 1TB 260,253.06,2516
Ventilador Portátil 1909,266.39,3841
Silla Ergonómica 4432,15.42,1138
Proyector Mini 4643,345.44,4726
Laptop Gamer 6771,62.37,492
Impresora Multifuncional 8975,128.04,4355
Teclado Mecánico 7518,362.82,2328
Smartphone 128GB 477,43.73,1987
Monitor LED 24'' 9924,15.37,1449
Power Bank 10000mAh 8013,282.18,3877
Cargador USB-C 1867,16.43,4218
Router WiFi 8160,191.14,4989
Disco Duro Externo 1TB 9939,89.83,1395
Router WiFi 3780,107.28,4186
Lámpara de Escritorio LED 4941,166.9,210
Impresora Multifuncional 8591,299.24,544
Smartphone 128GB 633,271.76,1606
Cámara Web HD 2545,186.47,3069
Proyector Mini 8003,288.84,2151
Disco Duro Externo 1TB 9833,231.85,162
Smartphone 128GB 6143,390.45,4920
Cámara Web HD 7170,143.64,3099
Disco Duro Externo 1TB 7094,94.28,209
Router WiFi 5694,60.3,1562
Cámara Web HD 8295,244.6,136
Lámpara de Escritorio LED 56,39.17,4232
Laptop Gamer 9476,63.06,1881
Reloj Inteligente 696,291.85,3009
Laptop Gamer 964,284.17,2243
Lámpara de Escritorio LED 2452,309.86,4002
Mouse Inalámbrico 2226,29.89,2559
Mouse Inalámbrico 1859,315.77,962
Power Bank 10000mAh 9889,135.25,3928
Silla Ergonómica 8370,278.15,2698
Cargador USB-C 9786,360.75,550
Auriculares Bluetooth 3853,161.53,4083
Smartphone 128GB 5646,140.4,4607
Auriculares Bluetooth 9731,244.67,3941
Reloj Inteligente 2051,206.96,3237
Router WiFi 2699,212.73,75
Mouse Inalámbrico 826,101.83,3861
Proyector Mini 2571,237.64,3707
Impresora Multifuncional 7236,220.65,2722
Router WiFi 1383,99.96,1285
Disco Duro Externo 1TB 7127,229.62,2238
Teclado Mecánico 3581,370.98,4184
Micro SD 64GB 851,213.26,3082
Monitor LED 24'' 9572,234.96,2486
Memoria USB 32GB 5842,55.48,3100
Router WiFi 8845,382.54,219
Lámpara de Escritorio LED 7108,77.3,2133
Disco Duro Externo 1TB 928,221.19,1639
Proyector Mini 6739,189.78,4763
Smartphone 128GB 4718,368.37,4846
Cámara Web HD 7568,235.12,4363
Cargador USB-C 7927,207.43,4846
Reloj Inteligente 4010,67.68,1557
Micro SD 64GB 8051,385.32,1508
Disco Duro Externo 1TB 1561,266.18,2863
Laptop Gamer 3928,339.37,1873
Smartphone 128GB 8674,167.55,311
Power Bank 10000mAh 8850,232.24,57
Laptop Gamer 2682,94.09,1060
Lámpara de Escritorio LED 1522,187.22,2514
Monitor LED 24'' 4946,167.38,356
Memoria USB 32GB 434,104.59,2063
Silla Ergonómica 1560,368.16,1518
Auriculares Bluetooth 7982,158.08,4820
Mouse Inalámbrico 9754,77.7,4365
Impresora Multifuncional 5157,61.39,4512
Cargador USB-C 9172,298.19,2019
Reloj Inteligente 79,379.12,170
Micro SD 64GB 595,188.32,310
Power Bank 10000mAh 6688,26.78,2500
Power Bank 10000mAh 3660,169.18,4740
Impresora Multifuncional 9277,191.22,2110
Mouse Inalámbrico 7033,101.61,3024
Auriculares Bluetooth 2002,190.49,3230
Lámpara de Escritorio LED 5748,150.73,2604
Auriculares Bluetooth 7316,112.05,1926
Tablet 10 Pulgadas 8707,86.28,1861
Router WiFi 2271,251.36,3769
Memoria USB 32GB 7234,397.93,1675
Micro SD 64GB 1121,329.83,407
Impresora Multifuncional 4108,201.43,3582
Reloj Inteligente 6107,172.75,2792
Teclado Mecánico 1230,187.9,4417
Ventilador Portátil 1637,274.38,4560
Laptop Gamer 5417,321.55,1203
Tablet 10 Pulgadas 1578,220.63,363
Impresora Multifuncional 4395,299.05,3655
Cámara Web HD 7186,255.78,2491
Proyector Mini 9295,360.95,1079
Ventilador Portátil 1645,361.89,2771
Smartphone 128GB 2124,164.69,4010
Memoria USB 32GB 6349,274.15,3103
Smartphone 128GB 8139,228.18,3705
Tablet 10 Pulgadas 7257,288.57,506
Smartphone 128GB 994,89.65,4316
Silla Ergonómica 4463,373.39,3293
Memoria USB 32GB 2430,394.92,3134
Teclado Mecánico 3506,30.35,389
Disco Duro Externo 1TB 6756,92.57,3686
Micro SD 64GB 4182,226.32,2244
Impresora Multifuncional 7890,390.87,1669
Cargador USB-C 7411,322.26,527
Tablet 10 Pulgadas 2177,106.69,2865
Micro SD 64GB 932,349.74,2621
Mouse Inalámbrico 4331,177.62,3928
Memoria USB 32GB 7325,142.78,1865
Monitor LED 24'' 9889,181.51,3314
Smartphone 128GB 4719,96.75,2697
Smartphone 128GB 4327,72.54,2949
Proyector Mini 8429,269.95,2484
Monitor LED 24'' 1422,51.13,4879
Mouse Inalámbrico 8551,55.33,3650
Teclado Mecánico 3193,212.63,577
Reloj Inteligente 2793,164.11,825
Disco Duro Externo 1TB 6092,79.67,2939
Impresora Multifuncional 4877,151.24,4726
Tablet 10 Pulgadas 7482,162.57,4295
Reloj Inteligente 9988,276.18,3244
Smartphone 128GB 2926,89.01,1439
Silla Ergonómica 2514,369.31,4325
Micro SD 64GB 168,310.96,553
Reloj Inteligente 3871,120.74,3218
Micro SD 64GB 716,328.34,3290
Cámara Web HD 3147,356.0,4892
Router WiFi 6478,391.49,1643
Cargador USB-C 5403,252.4,3531
Cámara Web HD 6664,30.37,215
Monitor LED 24'' 6689,344.71,2572
Ventilador Portátil 3360,268.16,1380
Teclado Mecánico 2262,335.05,1925
Silla Ergonómica 5009,39.67,1572
Laptop Gamer 8875,357.25,4646
Mouse Inalámbrico 1017,360.75,2913
Ventilador Portátil 533,287.46,3064
Tablet 10 Pulgadas 635,37.64,4609
Router WiFi 3118,394.99,1543
Monitor LED 24'' 354,168.46,1575
Ventilador Portátil 9195,309.69,4519
Proyector Mini 4317,268.27,1159
Monitor LED 24'' 6598,182.17,4864
Laptop Gamer 6418,361.57,83
Memoria USB 32GB 9494,119.58,661
Silla Ergonómica 9531,301.82,4497
Auriculares Bluetooth 4770,136.25,4470
Teclado Mecánico 508,381.58,3849
Smartphone 128GB 5243,105.7,2428
Cargador USB-C 522,291.1,3140
Router WiFi 6485,266.59,3060
Tablet 10 Pulgadas 2710,342.68,892
Monitor LED 24'' 5198,338.69,2321
Power Bank 10000mAh 3647,176.3,4914
Ventilador Portátil 6908,92.8,357
Cargador USB-C 7208,150.97,1949
Auriculares Bluetooth 7110,82.47,1683
Disco Duro Externo 1TB 2351,270.0,1722
Cargador USB-C 2605,24.8,4866
Micro SD 64GB 6027,286.71,1873
Tablet 10 Pulgadas 7845,200.63,1077
Power Bank 10000mAh 4156,204.61,1889
Power Bank 10000mAh 4834,32.9,767
Cargador USB-C 6072,129.74,3570
Teclado Mecánico 3860,114.88,1589
Cargador USB-C 482,224.99,4535
Disco Duro Externo 1TB 9777,267.33,2398
Impresora Multifuncional 1895,281.38,788
Proyector Mini 658,216.71,1127
Mouse Inalámbrico 1556,358.51,4139
Silla Ergonómica 712,84.46,402
Ventilador Portátil 2870,34.57,310
Router WiFi 84,292.63,2835
Micro SD 64GB 9779,335.45,4423
Smartphone 128GB 1305,235.87,3515
Smartphone 128GB 6803,367.09,98
Tablet 10 Pulgadas 8723,342.29,389
Disco Duro Externo 1TB 3879,33.75,1625
Power Bank 10000mAh 9169,236.33,2676
Impresora Multifuncional 2830,22.12,714
Laptop Gamer 5438,82.98,2626
Ventilador Portátil 1741,141.04,3959
Reloj Inteligente 5979,160.91,4655
Silla Ergonómica 7062,90.58,3832
Cámara Web HD 760,73.61,4004
